video_id,video_url,title,description,views,likes,comments,duration,upload_date,channel_name,channel_id,transcript
aokysQYdRbQ,https://www.youtube.com/watch?v=aokysQYdRbQ,#tweening,Credits: @lsaidan,11356,87,1,PT14S,2025-12-14T18:30:05Z,Leo Shorts,UC2wsWMYKtqVNzddlZ8I5hVg,Transcript unavailable (audio download failed)
DwERpDGSLls,https://www.youtube.com/watch?v=DwERpDGSLls,#tweening,Credit: @@JamesClingerman / YT and @abdulkadyr_mirzaev / IG,32137,410,12,PT13S,2025-12-14T16:30:05Z,Leo Shorts,UC2wsWMYKtqVNzddlZ8I5hVg,Transcript unavailable (audio download failed)
Nw-zIe5HE5g,https://www.youtube.com/watch?v=Nw-zIe5HE5g,#tweening,Credits to: @rayshah via Instagram,40702,747,1,PT18S,2025-12-13T22:30:05Z,Leo Shorts,UC2wsWMYKtqVNzddlZ8I5hVg,Transcript unavailable (audio download failed)
10urA5TqYq4,https://www.youtube.com/watch?v=10urA5TqYq4,#tweening,,21692,307,1,PT17S,2025-12-13T20:30:01Z,Leo Shorts,UC2wsWMYKtqVNzddlZ8I5hVg,Transcript unavailable (audio download failed)
Pf_JUBUJi68,https://www.youtube.com/watch?v=Pf_JUBUJi68,#tweening,all credits to (@iwantbojangles) via tt,19263,143,3,PT15S,2025-12-13T18:30:29Z,Leo Shorts,UC2wsWMYKtqVNzddlZ8I5hVg,Transcript unavailable (audio download failed)
kXUEEzlmTy0,https://www.youtube.com/watch?v=kXUEEzlmTy0,#tweening,Credit: janiceeportal via IG,26706,313,7,PT14S,2025-12-13T16:30:18Z,Leo Shorts,UC2wsWMYKtqVNzddlZ8I5hVg,Transcript unavailable (audio download failed)
FxIyezNwes0,https://www.youtube.com/watch?v=FxIyezNwes0,#tweening,,12426,230,6,PT22S,2025-12-12T22:30:07Z,Leo Shorts,UC2wsWMYKtqVNzddlZ8I5hVg,Transcript unavailable (audio download failed)
TKzIreLXhsM,https://www.youtube.com/watch?v=TKzIreLXhsM,#tweening,,19118,328,4,PT18S,2025-12-12T20:30:09Z,Leo Shorts,UC2wsWMYKtqVNzddlZ8I5hVg,Transcript unavailable (audio download failed)
WqKQtQsXsWQ,https://www.youtube.com/watch?v=WqKQtQsXsWQ,#tweening,Credit goes to getwiseup/Instagram,22475,510,5,PT13S,2025-12-12T18:30:45Z,Leo Shorts,UC2wsWMYKtqVNzddlZ8I5hVg,Transcript unavailable (audio download failed)
8saVkNaGty0,https://www.youtube.com/watch?v=8saVkNaGty0,#tweening,Credit : (@tanner.witt) on TT,1532,18,1,PT16S,2025-12-12T16:30:03Z,Leo Shorts,UC2wsWMYKtqVNzddlZ8I5hVg,Transcript unavailable (audio download failed)
